{"cameraMode":{"drawMode":0,"name":"Shaded","section":"Shading Mode"},"sceneLighting":false,"audioPlay":false,"sceneViewState":{"showFog":false,"showMaterialUpdate":true,"showSkybox":false,"showFlares":true,"showImageEffects":true,"showParticleSystems":true},"in2DMode":false,"pivot":{"x":-1.9931838512420655,"y":2.299642324447632,"z":0.3090994954109192},"rotation":{"x":0.10901793092489243,"y":-0.7263785004615784,"z":0.11848627775907517,"w":0.668193519115448},"size":2.8744428157806398,"orthographic":true}