{"cameraMode":{"drawMode":0,"name":"Shaded","section":"Shading Mode"},"sceneLighting":false,"audioPlay":false,"sceneViewState":{"showFog":false,"showMaterialUpdate":true,"showSkybox":false,"showFlares":true,"showImageEffects":true,"showParticleSystems":true},"in2DMode":false,"pivot":{"x":0.13069772720336915,"y":0.18924778699874879,"z":-0.20057982206344605},"rotation":{"x":0.05764392018318176,"y":-0.7217525839805603,"z":0.06055194512009621,"w":0.6870887279510498},"size":2.724351406097412,"orthographic":true}