{"cameraMode":{"drawMode":0,"name":"Shaded","section":"Shading Mode"},"sceneLighting":false,"audioPlay":false,"sceneViewState":{"showFog":false,"showMaterialUpdate":true,"showSkybox":false,"showFlares":true,"showImageEffects":true,"showParticleSystems":true},"in2DMode":false,"pivot":{"x":-17339.712890625,"y":346.4805603027344,"z":14985.2265625},"rotation":{"x":-0.24170172214508058,"y":0.2422892451286316,"z":-0.062463823705911639,"w":-0.9375399947166443},"size":1017.9608154296875,"orthographic":true}