{"cameraMode":{"drawMode":0,"name":"Shaded","section":"Shading Mode"},"sceneLighting":false,"audioPlay":false,"sceneViewState":{"showFog":false,"showMaterialUpdate":true,"showSkybox":false,"showFlares":true,"showImageEffects":true,"showParticleSystems":true},"in2DMode":false,"pivot":{"x":-26.597702026367189,"y":25.809892654418947,"z":12.188308715820313},"rotation":{"x":-0.0032839165069162847,"y":-0.7163832783699036,"z":-0.003488021669909358,"w":0.6977197527885437},"size":3.7761800289154054,"orthographic":true}