{"cameraMode":{"drawMode":0,"name":"Shaded","section":"Shading Mode"},"sceneLighting":false,"audioPlay":false,"sceneViewState":{"showFog":false,"showMaterialUpdate":true,"showSkybox":false,"showFlares":true,"showImageEffects":true,"showParticleSystems":true},"in2DMode":false,"pivot":{"x":-26.603416442871095,"y":25.370946884155275,"z":12.230077743530274},"rotation":{"x":0.11006051301956177,"y":0.708630383014679,"z":-0.11342672258615494,"w":0.6876741647720337},"size":7.481358528137207,"orthographic":true}