{"cameraMode":{"drawMode":0,"name":"Shaded","section":"Shading Mode"},"sceneLighting":false,"audioPlay":false,"sceneViewState":{"showFog":false,"showMaterialUpdate":true,"showSkybox":false,"showFlares":true,"showImageEffects":true,"showParticleSystems":true},"in2DMode":false,"pivot":{"x":-27.839000701904298,"y":24.655559539794923,"z":8.946589469909668},"rotation":{"x":-0.030617643147706987,"y":-0.9008786678314209,"z":0.06444690376520157,"w":-0.4281868040561676},"size":2.5063211917877199,"orthographic":true}