{"cameraMode":{"drawMode":0,"name":"Shaded","section":"Shading Mode"},"sceneLighting":false,"audioPlay":false,"sceneViewState":{"showFog":false,"showMaterialUpdate":true,"showSkybox":false,"showFlares":true,"showImageEffects":true,"showParticleSystems":true},"in2DMode":false,"pivot":{"x":548.2259521484375,"y":-364.13800048828127,"z":-318.8240966796875},"rotation":{"x":0.17909681797027589,"y":-0.30177128314971926,"z":0.05777861550450325,"w":0.9346498847007752},"size":3.506016731262207,"orthographic":true}